1176,male,,,,,,,,
1178,male,,,,,,,,
1180,male,,,,,,,,
1194,male,,,,,,,,
1222,male,,,,,,,,
1229,male,,,,,,,,
1233,male,,,,,,,,
1244,male,,,,,,,,
1245,male,,,,,,,,
1246,male,,,,,,,,
1247,male,,,,,,,,
1248,male,,,,,,,,
1249,male,,,,,,,,
1250,male,,,,,,,,
1251,male,,,,,,,,
1254,male,,,,,,,,
1255,male,,,,,,,,
1257,male,,,,,,,,
1258,male,,,,,,,,
1259,male,,,,,,,formal,sg
1264,male,,,,,,,,
1268,male,,,,,,,,
1274,male,,,,,,,,
1275,male,,,,,,,,
1276,male,,,,,,,,
1280,male,,,,,,,,
1281,male,,,,,,,,
1286,male,,,,,,,,
1291,male,,,,,,,,
1296,male,,,,,,,,
1297,male,,,,,,,,
1299,male,,,,,,,formal,sg
1302,male,,,,,,,formal,sg
1305,male,,,,,,,,
1308,male,,,,,,,,
1311,male,,,,,,,,
1312,male,,,,,,,,
1319,male,,,,,,,,
1320,male,,,,,,,,
1322,male,,,,,,,,
1323,male,,,,,,,,
1326,male,,,,,,,,
1330,male,,,,,,,,
1333,male,,,,,,,,
1334,male,,,,,,,,
1335,male,,,,,,,,
1341,male,,,,,,,,
1348,male,,,,,,,,
1349,male,,,,,,,,
1350,male,,,,,,,formal,sg
1356,male,,,,,,,formal,sg
1367,male,,,,,,,,
1369,male,,,,,,,,
1371,male,,,,,,,,
1378,male,,,,,,,,
1379,male,,,,,,,,
1380,male,,,,,,,,
1382,male,,,,,,,,
1386,male,,,,,,,,
1388,male,,,,,,,formal,sg
1389,male,,,,,,,,
1392,male,,,,,,,,
1393,male,,,,,,,,
1396,male,,,,,,,,
1397,male,,,,,,,formal,sg
1398,male,,,,,,,,
1401,male,,,,,,,formal,sg
1402,male,,,,,,,,
1403,male,,,,,,,,
1408,male,,,,,,,,
1409,male,,,,,,,,
1410,male,,,,,,,,
1414,male,,,,,,,,
1418,male,,,,,,,,
1419,male,,,,,,,,
1423,male,,,,,,,,
1426,male,,,,,,,formal,sg
1427,male,,,,,,,,
1428,male,,,,,,,,
1431,male,,,,,,,,
1433,male,,,,,,,,
1434,male,,,,,,,,
1435,male,,,,,,,,
1446,male,,,,,,,,
1449,male,,,,,,,formal,sg
1450,male,,,,,,,,
1451,male,,,,,,,,
1454,male,,,,,,,,
1455,male,,,,,,,,
1457,male,,,,,,,formal,sg
1459,male,,,,,,,,
1460,male,,,,,,,,
1473,male,,,,,,,,
1474,male,,,,,,,,
1476,male,,,,,,,,
1477,male,,,,,,,,
1478,male,,,,,,,,
1481,male,,,,,,,,
1482,male,,,,,,,,
1484,male,,,,,,,,
1485,male,,,,,,,,
1491,male,,,,,,,,
1492,male,,,,,,,,
1494,male,,,,,,,,
1495,male,,,,,,,,
1501,male,,,,,,,,
1507,male,,,,,,,,
1512,male,,,,,,,,
1513,male,,,,,,,,
1515,male,,,,,,,,
1520,male,,,,,,,,
1527,male,,,,,,,,
1528,male,,,,,,,,
1530,male,,,,,,,,
1531,male,,,,,,,,
1532,male,,,,,,,,
1533,male,,,,,,,formal,sg
1534,male,,,,,,,formal,sg
1535,male,,,,,,,,
1537,male,,,,,,,,
1542,male,,,,,,,,
1544,male,,,,,,,,
1545,male,,,,,,,,
1546,male,,,,,,,formal,sg
1547,male,,,,,,,,
1548,male,,,,,,,,
1549,male,,,,,,,,
1551,male,,,,,,,formal,sg
1553,male,,,,,,,,
1556,male,,,,,,,,
1557,male,,,,,,,formal,sg
1558,male,,,,,,,,
1562,male,,,,,,,,
1586,male,,,,,,,,
1588,male,,,,,,,,
1592,male,,,,,,,,
1599,male,,,,,,,formal,sg
1601,male,,,,,,,,
1605,male,,,,,,,,
1609,male,,,,,,,,
1614,male,,,,,,,,
1619,male,,,,,,,,
1625,male,,,,,,,,
1630,male,,,,,,,,
1634,male,,,,,,,,
1636,male,,,,,,,,
1637,male,,,,,,,,
1638,male,,,,,,,,
1640,male,,,,,,,,
1645,male,,,,,,,,
1646,male,,,,,,,,
1647,male,,,,,,,,
1650,male,,,,,,,,
1654,male,,,,,,,,
1660,male,,,,,,,,
1667,male,,,,,,,,
1668,male,,,,,,,,
1671,male,,,,,,,,
1672,male,,,,,,,,
1675,male,,,,,,,,
1679,male,,,,,,,,
1682,male,,,,,,,,
1683,male,,,,,,,,
1692,male,,,,,,,formal,sg
1693,male,,,,,,,formal,sg
1694,male,,,,,,,,
1696,male,,,,,,,,
1710,male,,,,,,,,
1714,male,,,,,,,,
1715,male,,,,,,,,
1720,male,,,,,,,,
1727,male,,,,,,,,
1728,male,,,,,,,,
1734,male,,,,,,,,
1738,male,,,,,,,,
1745,male,,,,,,,,
1748,male,,,,,,,,
1768,male,,,,,,,,
1778,male,,,,,,,,
1794,male,,,,,,,formal,sg
1799,male,,,,,,,formal,sg
1801,male,,,,,,,,
1810,male,,,,,,,,
1811,male,,,,,,,,
1813,male,,,,,,,,
1817,male,,,,,,,,
1818,male,,,,,,,,
1824,male,,,,,,,,
1826,male,,,,,,,,
1831,male,,,,,,,formal,sg
1836,male,,,,,,,,
1837,male,,,,,,,,
1848,male,,,,,,,formal,sg
1849,male,,,,,,,formal,sg
1860,male,,,,,,,,
1862,male,,,,,,,formal,sg
1879,male,,,,,,,,
1881,male,,,,,,,,
1883,male,,,,,,,,
1885,male,,,,,,,formal,sg
1900,male,,,,,,,,
1919,male,,,,,,,,
1921,male,,,,,,,,
1928,male,,,,,,,,
1931,male,,,,,,,,
1935,male,,,,,,,,
1942,male,,,,,,,,
1947,male,,,,,,,,
1965,male,,,,,,,,
1967,male,,,,,,,,
1971,male,,,,,,,,
1974,male,,,,,,,,
1990,male,,,,,,,,
1993,male,,,,,,,,
2004,male,,,,,,,,
2005,male,,,,,,,,
2007,male,,,,,,,formal,sg
2011,male,,,,,,,,
2017,male,,,,,,,,
2018,male,,,,,,,,
2019,male,,,,,,,,
2023,male,,,,,,,,
2024,male,,,,,,,,
2030,male,,,,,,,formal,sg
2041,male,,,,,,,,
2042,male,,,,,,,,
2043,male,,,,,,,,
2047,male,,,,,,,,
2055,male,,,,,,,,
2056,male,,,,,,,,
2060,male,,,,,,,,
2061,male,,,,,,,,
2064,male,,,,,,,,
2065,male,,,,,,,,
2068,male,,,,,,,,
2069,male,,,,,,,,
2079,male,,,,,,,,
2086,male,,,,,,,formal,sg
2088,male,,,,,,,formal,sg
2090,male,,,,,,,formal,sg
2092,male,,,,,,,,
2093,male,,,,,,,formal,sg
2097,male,,,,,,,,
2099,male,,,,,,,formal,sg
2100,male,,,,,,,formal,sg
2104,male,,,,,,,,
2115,male,,,,,,,,
2120,male,,,,,,,,
2123,male,,,,,,,,
2130,male,,,,,,,,
2153,male,,,,,,,formal,sg
2154,male,,,,,,,,
2158,male,,,,,,,formal,sg
2170,male,,,,,,,,
2178,male,,,,,,,formal,sg
2179,male,,,,,,,,
2180,male,,,,,,,,
2187,male,,,,,,,,
2189,male,,,,,,,,
2192,male,,,,,,,,
2205,male,,,,,,,,
2206,male,,,,,,,,
2213,male,,,,,,,,
2220,male,,,,,,,,
2227,male,,,,,,,formal,sg
2229,male,,,,,,,,
2232,male,,,,,,,,
2234,male,,,,,,,,
2247,male,,,,,,,,
2249,male,,,,,,,,
2332,male,,,,,,,,
2369,male,,,,,,,,
2383,male,,,,,,,,
2391,,,,,,,,,
2396,male,,,,,,,,
2409,male,,,,,,,,
2415,male,,,,,,,,
2429,male,,,,,,,,
2495,male,,,,,,,,
2497,male,,,,,,,,
2498,male,,,,,,,,
2520,male,,,,,,,,
2548,,,,,,,,,
2562,male,,,,,,,,
2599,male,,,,,,,,
2637,male,,,,,,,,
2651,male,,,,,,,,
2672,male,,,,,,,,
2734,male,,,,,,,,
2744,male,,,,,,,formal,sg
2751,male,,,,,,,,
2753,male,,,,,,,,
2754,male,,,,,,,,
2755,male,,,,,,,,
2756,male,,,,,,,,
2757,male,,,,,,,,
2758,male,,,,,,,,
2759,male,,,,,,,,
2761,male,,,,,,,,
2762,male,,,,,,,,
2763,male,,,,,,,,
2764,male,,,,,,,,
2766,male,,,,,,,,
2767,male,,,,,,,,
2769,male,,,,,,,,
2771,male,,,,,,,,
2772,male,,,,,,,,
2774,male,,,,,,,,
2775,male,,,,,,,,
2776,male,,,,,,,,
2777,male,,,,,,,,
2778,male,,,,,,,,
2779,male,,,,,,,,
2780,male,,,,,,,,
2781,male,,,,,,,,
2782,male,,,,,,,,
2783,male,,,,,,,,
2784,male,,,,,,,,
2785,male,,,,,,,,
2786,male,,,,,,,,
2787,male,,,,,,,,
2788,male,,,,,,,,
2789,male,,,,,,,,
2790,male,,,,,,,,
2791,male,,,,,,,,
2792,male,,,,,,,,
2793,male,,,,,,,,
2794,male,,,,,,,,
2795,male,,,,,,,,
2796,male,,,,,,,,
2797,male,,,,,,,,
2798,male,,,,,,,,
2800,male,,,,,,,,
2801,male,,,,,,,,
2802,male,,,,,,,,
2803,male,,,,,,,,
2805,male,,,,,,,,
2806,male,,,,,,,,
2807,male,,,,,,,formal,sg
2808,male,,,,,,,,
2809,male,,,,,,,,
2810,male,,,,,,,,
2811,male,,,,,,,formal,sg
2812,male,,,,,,,,
2813,male,,,,,,,,
2814,male,,,,,,,,
2815,male,,,,,,,,
2817,male,,,,,,,,
2818,male,,,,,,,formal,sg
2819,male,,,,,,,,
2820,male,,,,,,,formal,sg
2821,male,,,,,,,formal,sg
2822,male,,,,,,,formal,sg
2823,male,,,,,,,,
2824,male,,,,,,,,
2825,male,,,,,,,,
2826,male,,,,,,,formal,sg
2828,male,,,,,,,,
2829,male,,,,,,,formal,sg
2830,male,,,,,,,,
2831,male,,,,,,,,
2832,male,,,,,,,,
2833,male,,,,,,,,
2834,male,,,,,,,,
2835,male,,,,,,,,
2836,male,,,,,,,,
2837,male,,,,,,,,
2838,male,,,,,,,,
2839,male,,,,,,,,
2840,male,,,,,,,,
2841,male,,,,,,,,
2842,male,,,,,,,formal,sg
2843,male,,,,,,,,
2844,male,,,,,,,,
2845,male,,,,,,,formal,sg
2846,male,,,,,,,,
2847,male,,,,,,,,
2848,male,,,,,,,,
2851,male,,,,,,,formal,sg
2852,male,,,,,,,,
2853,male,,,,,,,,
2854,male,,,,,,,formal,sg
2855,male,,,,,,,,
2856,male,,,,,,,,
2857,male,,,,,,,,
2858,male,,,,,,,,
2860,male,,,,,,,,
2861,male,,,,,,,,
2862,male,,,,,,,formal,sg
2863,male,,,,,,,,
2864,male,,,,,,,,
2865,male,,,,,,,,
2866,male,,,,,,,formal,sg
2867,male,,,,,,,,
2868,male,,,,,,,formal,sg
2869,male,,,,,,,formal,sg
2870,male,,,,,,,,
2871,male,,,,,,,,
2873,male,,,,,,,formal,sg
2874,male,,,,,,,,
2875,male,,,,,,,,
2876,male,,,,,,,,
2877,male,,,,,,,,
2878,male,,,,,,,formal,sg
2879,male,,,,,,,,
2880,male,,,,,,,,
2881,male,,,,,,,,
2882,male,,,,,,,,
2884,male,,,,,,,,
2885,male,,,,,,,,
2886,male,,,,,,,,
2887,male,,,,,,,,
2888,male,,,,,,,,
2889,male,,,,,,,formal,sg
2890,male,,,,,,,formal,sg
2891,male,,,,,,,,
2892,male,,,,,,,,
2893,male,,,,,,,,
2894,male,,,,,,,,
2895,male,,,,,,,,
2896,male,,,,,,,,
2898,male,,,,,,,,
2899,male,,,,,,,,
2900,male,,,,,,,,
2901,male,,,,,,,,
2902,male,,,,,,,,
2906,male,,,,,,,,
2907,male,,,,,,,,
2908,male,,,,,,,,
2909,male,,,,,,,,
2910,male,,,,,,,,
2911,male,,,,,,,,
2912,male,,,,,,,,
2913,male,,,,,,,,
2914,male,,,,,,,,
2915,male,,,,,,,,
2916,male,,,,,,,,
2917,male,,,,,,,,
2918,male,,,,,,,formal,sg
2919,male,,,,,,,formal,sg
2920,male,,,,,,,,
2921,male,,,,,,,,
2923,male,,,,,,,,
2924,male,,,,,,,,
2925,male,,,,,,,,
2926,male,,,,,,,,
2927,male,,,,,,,formal,sg
2928,male,,,,,,,,
2929,male,,,,,,,,
2931,male,,,,,,,formal,sg
2933,male,,,,,,,,
2934,male,,,,,,,,
2935,male,,,,,,,,
2936,male,,,,,,,formal,sg
2937,male,,,,,,,,
2939,male,,,,,,,,
2940,male,,,,,,,,
2941,male,,,,,,,formal,sg
2943,male,,,,,,,,
2944,male,,,,,,,,
2946,male,,,,,,,,
2947,male,,,,,,,,
2948,male,,,,,,,,
2949,male,,,,,,,,
2950,male,,,,,,,,
2951,male,,,,,,,formal,sg
2952,male,,,,,,,,
2953,male,,,,,,,,
2954,male,,,,,,,formal,sg
2955,male,,,,,,,,
2956,male,,,,,,,formal,sg
2957,male,,,,,,,,
2958,male,,,,,,,,
2959,male,,,,,,,,
2960,male,,,,,,,,
2961,male,,,,,,,formal,sg
2962,male,,,,,,,,
2965,male,,,,,,,,
2966,male,,,,,,,,
2967,male,,,,,,,,
2968,male,,,,,,,,
2969,male,,,,,,,,
2970,male,,,,,,,,
2971,male,,,,,,,,
2973,male,,,,,,,,
2974,male,,,,,,,,
2975,male,,,,,,,,
2976,male,,,,,,,,
2977,male,,,,,,,,
2978,male,,,,,,,,
2979,male,,,,,,,,
2981,male,,,,,,,,
2982,male,,,,,,,,
2983,male,,,,,,,,
2984,male,,,,,,,,
2986,male,,,,,,,,
2987,male,,,,,,,formal,sg
2988,male,,,,,,,formal,sg
2989,male,,,,,,,,
2991,male,,,,,,,,
2992,male,,,,,,,formal,sg
2993,male,,,,,,,,
2994,male,,,,,,,,
2995,male,,,,,,,,
2996,male,,,,,,,,
2997,male,,,,,,,,
2998,male,,,,,,,,
2999,male,,,,,,,,
3000,male,,,,,,,,
3001,male,,,,,,,,
3002,male,,,,,,,,
3005,male,,,,,,,,
3006,male,,,,,,,formal,sg
3007,male,,,,,,,,
3008,male,,,,,,,,
3009,male,,,,,,,,
3010,male,,,,,,,,
3011,male,,,,,,,,
3012,male,,,,,,,formal,sg
3013,male,,,,,,,formal,sg
3014,male,,,,,,,,
3015,male,,,,,,,,
3016,male,,,,,,,formal,sg
3017,male,,,,,,,,
3018,male,,,,,,,formal,sg
3019,male,,,,,,,,
3021,male,,,,,,,,
3022,male,,,,,,,,
3023,male,,,,,,,,
3024,male,,,,,,,,
3025,male,,,,,,,,
3026,male,,,,,,,,
3027,male,,,,,,,,
3028,male,,,,,,,,
3029,male,,,,,,,,
3030,male,,,,,,,,
3034,male,,,,,,,,
3035,male,,,,,,,,
3036,male,,,,,,,,
3037,male,,,,,,,,
3038,male,,,,,,,,
3039,male,,,,,,,,
3040,male,,,,,,,,
3041,male,,,,,,,,
3042,male,,,,,,,,
3043,male,,,,,,,,
3044,male,,,,,,,,
3045,male,,,,,,,,
3046,male,,,,,,,,
3047,male,,,,,,,,
3048,male,,,,,,,,
3050,male,,,,,,,formal,sg
3051,male,,,,,,,,
3052,male,,,,,,,,
3053,male,,,,,,,,
3056,male,,,,,,,,
3057,male,,,,,,,,
3058,male,,,,,,,,
3059,male,,,,,,,formal,sg
3060,male,,,,,,,formal,sg
3062,male,,,,,,,,
3063,male,,,,,,,,
3064,male,,,,,,,,
3065,male,,,,,,,,
3066,male,,,,,,,,
3067,male,,,,,,,,
3068,male,,,,,,,,
3069,male,,,,,,,,
3070,male,,,,,,,,
3071,male,,,,,,,,
3072,male,,,,,,,,
3073,male,,,,,,,,
3074,male,,,,,,,,
3075,male,,,,,,,,
3076,male,,,,,,,,
3077,male,,,,,,,,
3078,male,,,,,,,,
3079,male,,,,,,,,
3080,male,,,,,,,,
3081,male,,,,,,,,
3084,male,,,,,,,,
3086,male,,,,,,,,
3087,male,,,,,,,,
3088,male,,,,,,,,
3089,male,,,,,,,,
3091,male,,,,,,,,
3092,male,,,,,,,,
3093,male,,,,,,,,
3094,male,,,,,,,,
3095,male,,,,,,,formal,sg
3096,male,,,,,,,,
3097,male,,,,,,,,
3098,male,,,,,,,,
3099,male,,,,,,,,
3100,male,,,,,,,,
3102,male,,,,,,,,
3103,male,,,,,,,,
3104,male,,,,,,,,
3105,male,,,,,,,,
3106,male,,,,,,,,
3107,male,,,,,,,,
3108,male,,,,,,,,
3110,male,,,,,,,,
3111,male,,,,,,,,
3114,male,,,,,,,,
3115,male,,,,,,,,
3116,male,,,,,,,,
3117,male,,,,,,,,
3118,male,,,,,,,formal,sg
3119,male,,,,,,,,
3120,male,,,,,,,,
3121,male,,,,,,,,
3122,male,,,,,,,,
3123,male,,,,,,,,
3124,male,,,,,,,,
3126,male,,,,,,,,
3127,male,,,,,,,,
3128,male,,,,,,,,
3129,male,,,,,,,,
3130,male,,,,,,,,
3131,male,,,,,,,,
3132,male,,,,,,,formal,sg
3133,male,,,,,,,,
3134,male,,,,,,,,
3135,male,,,,,,,,
3136,male,,,,,,,,
3137,male,,,,,,,formal,sg
3138,male,,,,,,,,
3139,male,,,,,,,,
3140,male,,,,,,,,
3141,male,,,,,,,,
3142,male,,,,,,,,
3143,male,,,,,,,,
3144,male,,,,,,,,
3145,male,,,,,,,,
3146,male,,,,,,,,
3147,male,,,,,,,,
3148,male,,,,,,,,
3149,male,,,,,,,,
3150,male,,,,,,,,
3151,male,,,,,,,,
3153,male,,,,,,,,
3154,male,,,,,,,,
3155,male,,,,,,,formal,sg
3156,male,,,,,,,,
3157,male,,,,,,,,
3158,male,,,,,,,,
3159,male,,,,,,,,
3160,male,,,,,,,,
3161,male,,,,,,,,
3162,male,,,,,,,,
3163,male,,,,,,,,
3165,male,,,,,,,,
3167,male,,,,,,,,
3168,male,,,,,,,,
3169,male,,,,,,,,
3170,male,,,,,,,formal,sg
3171,male,,,,,,,,
3172,male,,,,,,,,
3173,male,,,,,,,,
3174,male,,,,,,,,
3175,male,,,,,,,,
3176,male,,,,,,,,
3177,male,,,,,,,,
3178,male,,,,,,,,
3179,male,,,,,,,,
3180,male,,,,,,,,
3181,male,,,,,,,,
3182,male,,,,,,,,
3183,male,,,,,,,,
3184,male,,,,,,,,
3185,male,,,,,,,,
3186,male,,,,,,,,
3187,male,,,,,,,,
3188,male,,,,,,,,
3189,male,,,,,,,,
3190,male,,,,,,,formal,sg
3192,male,,,,,,,,
3193,male,,,,,,,,
3194,male,,,,,,,,
3195,male,,,,,,,,
3196,male,,,,,,,,
3197,male,,,,,,,,
3198,male,,,,,,,,
3199,male,,,,,,,,
3201,male,,,,,,,,
3202,male,,,,,,,,
3204,male,,,,,,,,
3205,male,,,,,,,,
3206,male,,,,,,,,
3207,male,,,,,,,,
3208,male,,,,,,,,
3209,male,,,,,,,formal,sg
3210,female,,,,,,,,
3211,female,,,,,,,,
3212,female,,,,,,,,
3213,female,,,,,,,,
3214,female,,,,,,,,
3215,female,,,,,,,,
3216,female,,,,,,,,
3217,female,,,,,,,,
3218,female,,,,,,,,
3219,female,,,,,,,,
3220,female,,,,,,,,
3221,female,,,,,,,,
3223,female,,,,,,,,
3224,female,,,,,,,,
3225,female,,,,,,,,
3226,female,,,,,,,,
3227,female,,,,,,,,
3229,female,,,,,,,,
3230,female,,,,,,,,
3231,female,,,,,,,,
3232,female,,,,,,,,
3233,female,,,,,,,,
3234,female,,,,,,,,
3235,female,,,,,,,,
3236,female,,,,,,,,
3237,female,,,,,,,,
3238,female,,,,,,,,
3239,female,,,,,,,,
3240,female,,,,,,,,
3241,female,,,,,,,,
3242,female,,,,,,,,
3243,female,,,,neutral,,,,sg
3244,female,,,,neutral,,,,sg
3245,female,,,,,,,,
3246,female,,,,,,,,
3247,female,,,,,,,,
3248,female,,,,,,,,
3249,female,,,,,,,,
3250,female,,,,,,,,
3251,female,,,,,,,,
3252,female,,,,,,,,
3253,female,,,,,,,,
3254,female,,,,,,,,
3255,female,,,,,,,,
3256,female,,,,,,,,
3257,female,,,,neutral,,,,sg
3259,female,,,,,,,,
3260,female,,,,,,,,
3261,female,,,,,,,,
3262,female,,,,neutral,,,,sg
3263,female,,,,,,,,
3264,female,,,,,,,,
3265,female,,,,,,,,
3266,female,,,,,,,,
3267,female,,,,,,,,
3268,female,,,,,,,,
3269,female,,,,,,,,
3270,female,,,,,,,,
3271,female,,,,neutral,,,,sg
3272,female,,,,,,,,
3273,female,,,,,,,,
3274,female,,,,,,,,
3275,female,,,,,,,,
3276,female,,,,,,,,
3277,female,,,,neutral,,,,sg
3278,female,,,,,,,,
3279,female,,,,,,,,
3280,female,,,,,,,,
3281,female,,,,neutral,,,,sg
3282,female,,,,,,,,
3283,female,,,,,,,,
3284,female,,,,,,,,
3285,female,,,,,,,,
3287,female,,,,,,,,
3288,female,,,,,,,,
3289,female,,,,,,,,
3290,female,,,,neutral,,,,sg
3291,female,,,,,,,,
3292,female,,,,,,,,
3293,female,,,,,,,,
3294,female,,,,,,,,
3295,female,,,,,,,,
3296,female,,,,,,,,
3297,female,,,,,,,,
3298,female,,,,,,,,
3299,female,,,,,,,,
3300,female,,,,,,,,
3301,female,,,,,,,,
3302,female,,,,,,,,
3303,female,,,,,,,,
3305,female,,,,,,,,
3306,female,,,,,,,,
3307,female,,,,,,,,
3309,female,,,,,,,,
3310,female,,,,,,,,
3311,female,,,,,,,,
3312,female,,,,,,,,
3313,female,,,,,,,,
3314,female,,,,neutral,,,,sg
3315,female,,,,,,,,
3316,female,,,,,,,,
3317,female,,,,neutral,,,,sg
3318,female,,,,neutral,,,,sg
3319,female,,,,,,,,
3320,female,,,,,,,,
3321,female,,,,,,,,
3322,female,,,,,,,,
3323,male,,,,,,,,
3324,female,,,,,,,,
3326,female,,,,,,,,
3327,female,,,,,,,,
3328,female,,,,,,,,
3329,female,,,,,,,,
3331,female,,,,,,,,
3332,female,,,,,,,,
3333,female,,,,,,,,
3334,female,,,,,,,,
3335,female,,,,neutral,,,,sg
3336,female,,,,,,,,
3337,female,,,,,,,,
3338,female,,,,,,,,
3339,female,,,,,,,,
3340,female,,,,,,,,
3341,female,,,,,,,,
3342,female,,,,,,,,
3343,female,,,,neutral,,,,sg
3344,female,,,,,,,,
3346,female,,,,,,,,
3347,female,,,,,,,,
3348,female,,,,,,,,
3349,female,,,,neutral,,,,sg
3350,female,,,,,,,,
3351,female,,,,,,,,
3352,female,,,,,,,,
3353,female,,,,,,,,
3354,female,,,,,,,,
3355,female,,,,,,,,
3356,female,,,,,,,,
3357,female,,,,,,,,
3358,female,,,,,,,,
3361,female,,,,,,,,
3362,female,,,,,,,,
3363,female,,,,,,,,
3364,female,,,,,,,,
3365,female,,,,,,,,
3366,female,,,,,,,,
3367,female,,,,,,,,
3368,female,,,,,,,,
3369,female,,,,,,,,
3370,female,,,,neutral,,,,sg
3371,female,,,,,,,,
3372,female,,,,,,,,
3373,female,,,,,,,,
3374,female,,,,neutral,,,,sg
3375,female,,,,,,,,
3376,female,,,,neutral,,,,sg
3377,female,,,,,,,,
3378,female,,,,,,,,
3379,female,,,,,,,,
3380,female,,,,,,,,
3381,female,,,,neutral,,,,sg
3382,female,,,,,,,,
3383,female,,,,,,,,
3384,female,,,,,,,,
3385,female,,,,,,,,
3386,female,,,,,,,,
3387,female,,,,,,,,
3388,female,,,,,,,,
3389,female,,,,,,,,
3390,female,,,,neutral,,,,sg
3391,female,,,,neutral,,,,sg
3392,female,,,,neutral,,,,sg
3394,female,,,,neutral,,,,sg
3395,female,,,,,,,,
3396,female,,,,neutral,,,,sg
3397,female,,,,,,,,
3398,female,,,,,,,,
3399,female,,,,,,,,
3402,female,,,,,,,,
3403,female,,,,,,,,
3404,female,,,,,,,,
3405,female,,,,,,,,
3406,female,,,,,,,,
3407,female,,,,,,,,
3408,female,,,,neutral,,,,sg
3409,female,,,,,,,,
3410,female,,,,,,,,
3411,female,,,,,,,,
3412,female,,,,,,,,
3413,female,,,,,,,,
3414,female,,,,,,,,
3415,female,,,,,,,,
3416,female,,,,,,,,
3417,female,,,,,,,,
3418,female,,,,,,,,
3419,female,,,,,,,,
3420,female,,,,,,,,
3421,female,,,,,,,,
3422,female,,,,,,,,
3423,female,,,,,,,,
3424,female,,,,,,,,
3425,female,,,,,,,,
3426,female,,,,,,,,
3427,female,,,,,,,,
3428,female,,,,,,,,
3429,female,,,,,,,,
3430,female,,,,,,,,
3431,female,,,,,,,,
3432,female,,,,,,,,
3433,female,,,,,,,,
3434,female,,,,,,,,
3435,female,,,,,,,,
3436,female,,,,,,,,
3437,female,,,,,,,,
3438,female,,,,,,,,
3439,female,,,,,,,,
3441,female,,,,,,,,
3442,female,,,,,,,,
3443,female,,,,,,,,
3444,female,,,,,,,,
3445,female,,,,,,,,
3446,female,,,,,,,,
3447,female,,,,,,,,
3448,female,,,,,,,,
3449,female,,,,,,,,
3450,female,,,,,,,,
3451,female,,,,,,,,
3452,female,,,,,,,,
3453,female,,,,,,,,
3454,female,,,,,,,,
3455,female,,,,,,,,
3456,female,,,,,,,,
3457,female,,,,,,,,
3458,female,,,,,,,,
3459,female,,,,,,,,
3460,female,,,,,,,,
3462,female,,,,,,,,
3463,female,,,,,,,,
3464,female,,,,,,,,
3465,female,,,,,,,,
3466,female,,,,,,,,
3467,female,,,,,,,,
3468,female,,,,,,,,
3469,female,,,,,,,,
3470,female,,,,,,,,
3472,female,,,,,,,,
3473,female,,,,,,,,
3474,female,,,,neutral,,,,sg
3476,female,,,,,,,,
3477,female,,,,,,,,
3478,female,,,,,,,,
3479,female,,,,,,,,
3480,female,,,,,,,,
3481,female,,,,,,,,
3482,female,,,,,,,,
3483,female,,,,,,,,
3484,female,,,,,,,,
3485,female,,,,,,,,
3486,female,,,,,,,,
3487,female,,,,,,,,
3488,female,,,,,,,,
3489,female,,,,,,,,
3490,female,,,,,,,,
3491,female,,,,,,,,
3492,female,,,,,,,,
3493,female,,,,neutral,,,,sg
3494,female,,,,,,,,
3495,female,,,,,,,,
3496,female,,,,neutral,,,,sg
3497,female,,,,,,,,
3498,female,,,,,,,,
3499,female,,,,,,,,
3500,female,,,,,,,,
3501,female,,,,,,,,
3502,female,,,,,,,,
3503,female,,,,,,,,
3504,female,,,,neutral,,,,sg
3505,female,,,,,,,,
3506,female,,,,,,,,
3507,female,,,,,,,,
3508,female,,,,,,,,
3509,female,,,,,,,,
3510,female,,,,,,,,
3511,female,,,,,,,,
3512,female,,,,,,,,
3513,female,,,,,,,,
3514,female,,,,,,,,
3515,female,,,,neutral,,,,sg
3516,female,,,,,,,,
3517,female,,,,neutral,,,,sg
3518,female,,,,neutral,,,,sg
3519,female,,,,,,,,
3520,female,,,,,,,,
3521,female,,,,,,,,
3522,female,,,,,,,,
3523,female,,,,,,,,
3524,female,,,,,,,,
3525,female,,,,,,,,
3526,female,,,,,,,,
3527,female,,,,,,,,
3528,female,,,,,,,,
3529,female,,,,,,,,
3530,female,,,,,,,,
3531,female,,,,,,,,
3532,female,,,,neutral,,,,sg
3533,female,,,,,,,,
3534,female,,,,,,,,
3535,female,,,,,,,,
3536,female,,,,,,,,
3537,female,,,,,,,,
3538,female,,,,,,,,
3539,female,,,,neutral,,,,sg
3540,female,,,,,,,,
3541,female,,,,,,,,
3542,female,,,,,,,,
3543,female,,,,,,,,
3544,female,,,,,,,,
3545,female,,,,,,,,
3546,female,,,,,,,,
3547,female,,,,,,,,
3548,female,,,,,,,,
3549,female,,,,neutral,,,,sg
3550,female,,,,,,,,
3551,female,,,,,,,,
3552,female,,,,,,,,
3553,female,,,,,,,,
3554,female,,,,,,,,
3555,female,,,,,,,,
3556,female,,,,,,,,
3557,female,,,,neutral,,,,sg
3558,female,,,,,,,,
3559,female,,,,,,,,
3560,female,,,,,,,,
3561,female,,,,,,,,
3562,female,,,,,,,,
3563,female,,,,neutral,,,,sg
3564,female,,,,,,,,
3565,female,,,,,,,,
3568,female,,,,,,,,
3569,female,,,,,,,,
3570,female,,,,,,,,
3571,female,,,,,,,,
3572,female,,,,,,,,
3573,female,,,,,,,,
3574,female,,,,,,,,
3575,female,,,,,,,,
3576,female,,,,,,,,
3577,female,,,,neutral,,,,sg
3578,female,,,,,,,,
3579,female,,,,,,,,
3580,female,,,,neutral,,,,sg
3581,female,,,,,,,,
3582,female,,,,,,,,
3583,female,,,,,,,,
3584,female,,,,,,,,
3585,female,,,,neutral,,,,sg
3586,female,,,,,,,,
3587,female,,,,,,,,
3588,female,,,,,,,,
3589,female,,,,,,,,
3590,female,,,,,,,,
3591,female,,,,,,,,
3592,female,,,,neutral,,,,sg
3593,female,,,,,,,,
3594,female,,,,,,,,
3595,female,,,,,,,,
3596,female,,,,,,,,
3597,female,,,,,,,,
3598,female,,,,,,,,
3599,female,,,,,,,,
3600,female,,,,,,,,
3603,female,,,,,,,,
3604,female,,,,,,,,
3605,female,,,,,,,,
3606,female,,,,,,,,
3607,female,,,,,,,,
3608,female,,,,,,,,
3609,female,,,,,,,,
3610,female,,,,neutral,,,,sg
3611,female,,,,,,,,
3612,female,,,,,,,,
3613,female,,,,neutral,,,,sg
3614,female,,,,,,,,
3615,female,,,,,,,,
3616,female,,,,,,,,
3617,female,,,,,,,,
3618,female,,,,,,,,
3619,female,,,,,,,,
3620,female,,,,neutral,,,,sg
3621,female,,,,,,,,
3622,female,,,,,,,,
3623,female,,,,,,,,
3624,female,,,,neutral,,,,sg
3625,female,,,,,,,,
3626,female,,,,neutral,,,,sg
3627,female,,,,,,,,
3628,female,,,,,,,,
3629,female,,,,,,,,
3630,female,,,,,,,,
3631,female,,,,,,,,
3632,female,,,,,,,,
3633,female,,,,,,,,
3634,female,,,,,,,,
3635,female,,,,,,,,
3636,female,,,,,,,,
3637,female,,,,,,,,
3638,female,,,,,,,,
3639,female,,,,,,,,
3640,female,,,,,,,,
3641,female,,,,,,,,
3642,female,,,,,,,,
3643,female,,,,,,,,
3644,female,,,,,,,,
3645,female,,,,,,,,
3646,female,,,,,,,,
3647,female,,,,,,,,
3648,female,,,,,,,,
3649,female,,,,,,,,
3650,female,,,,,,,,
3651,female,,,,,,,,
3652,female,,,,,,,,
3653,female,,,,neutral,,,,sg
3654,female,,,,,,,,
3655,female,,,,,,,,
3656,female,,,,,,,,
3657,female,,,,,,,,
3658,female,,,,,,,,
3659,female,,,,,,,,
3660,female,,,,,,,,
3661,female,,,,neutral,,,,sg
3662,female,,,,,,,,
3663,female,,,,,,,,
3664,female,,,,,,,,
3666,female,,,,,,,,
3667,female,,,,neutral,,,,sg
3668,female,,,,,,,,
3669,female,,,,,,,,
3670,female,,,,,,,,
3671,female,,,,,,,,
3672,female,,,,,,,,
3673,female,,,,,,,,
3674,female,,,,,,,,
3675,female,,,,,,,,
3676,female,,,,,,,,
3677,female,,,,,,,,
3678,female,,,,,,,,
3679,female,,,,,,,,
3680,female,,,,,,,,
3681,female,,,,neutral,,,,sg
3682,female,,,,,,,,
3683,female,,,,,,,,
3684,female,,,,,,,,
3685,female,,,,,,,,
3686,female,,,,,,,,
3687,female,,,,neutral,,,,sg
3688,female,,,,,,,,
3689,female,,,,,,,,
3690,female,,,,,,,,
3691,female,,,,,,,,
3692,female,,,,,,,,
3693,female,,,,,,,,
3694,female,,,,,,,,
3695,female,,,,,,,,
3696,female,,,,,,,,
3697,female,,,,,,,,
3698,female,,,,,,,,
3699,female,,,,,,,,
3700,female,,,,,,,,
3701,female,,,,,,,,
3702,female,,,,,,,,
3703,female,,,,neutral,,,,sg
3704,female,,,,,,,,
3705,female,,,,,,,,
3706,female,,,,,,,,
3707,female,,,,,,,,
3708,female,,,,,,,,
3709,female,,,,,,,,
3710,female,,,,,,,,
3711,female,,,,,,,,
3712,female,,,,,,,,
3713,male,,,,,,,,
3714,female,,,,,,,,
3715,female,,,,,,,,
3716,female,,,,,,,,
3717,female,,,,,,,,
3718,female,,,,,,,,
3719,female,,,,,,,,
3720,female,,,,neutral,,,,sg
3721,female,,,,,,,,
3722,female,,,,,,,,
3723,female,,,,,,,,
3724,female,,,,,,,,
3725,female,,,,,,,,
3726,female,,,,,,,,
3727,female,,,,neutral,,,,sg
3728,female,,,,,,,,
3729,female,,,,neutral,,,,sg
3730,female,,,,,,,,
3731,female,,,,,,,,
3732,female,,,,neutral,,,,sg
3733,female,,,,,,,,
3734,female,,,,,,,,
3735,female,,,,,,,,
3736,female,,,,,,,,
3737,female,,,,,,,,
3738,female,,,,neutral,,,,sg
3739,female,,,,,,,,
3740,female,,,,,,,,
3741,female,,,,,,,,
3742,female,,,,,,,,
3743,female,,,,,,,,
3744,female,,,,,,,,
3745,female,,,,,,,,
3746,female,,,,,,,,
3747,female,,,,,,,,
3748,female,,,,neutral,,,,sg
3749,female,,,,,,,,
3750,female,,,,,,,,
3751,female,,,,,,,,
3752,female,,,,,,,,
3753,female,,,,,,,,
3754,female,,,,,,,,
3755,female,,,,,,,,
3756,female,,,,,,,,
3757,female,,,,,,,,
3758,female,,,,,,,,
3759,female,,,,,,,,
3760,female,,,,,,,,
3761,female,,,,,,,,
3762,female,,,,,,,,
3763,female,,,,,,,,
3764,female,,,,,,,,
3765,female,,,,,,,,
3766,female,,,,,,,,
3767,female,,,,,,,,
3768,female,,,,,,,,
3769,female,,,,,,,,
3770,female,,,,,,,,
3771,female,,,,,,,,
3772,female,,,,,,,,
3773,female,,,,,,,,
3774,female,,,,,,,,
3775,female,,,,,,,,
3776,,,,,,,,,
3777,female,,,,,,,,
3778,female,,,,,,,,
3779,female,,,,,,,,
3780,female,,,,,,,,
3781,female,,,,,,,,
3782,female,,,,,,,,
3784,female,,,,,,,,
3785,female,,,,neutral,,,,sg
3786,female,,,,,,,,
3787,female,,,,neutral,,,,sg
3788,female,,,,,,,,
3789,female,,,,,,,,
3790,female,,,,,,,,
3791,female,,,,neutral,,,,sg
3792,female,,,,,,,,
3795,female,,,,,,,,
3796,female,,,,,,,,
3797,female,,,,,,,,
3798,female,,,,,,,,
3799,female,,,,,,,,
3800,female,,,,neutral,,,,sg
3801,female,,,,neutral,,,,sg
3802,female,,,,,,,,
3803,female,,,,,,,,
3804,female,,,,,,,,
3805,female,,,,,,,,
3806,female,,,,,,,,
3807,female,,,,,,,,
3808,female,,,,,,,,
3809,female,,,,,,,,
3810,female,,,,neutral,,,,sg
3811,female,,,,,,,,
3812,female,,,,neutral,,,,sg
3813,female,,,,,,,,
3814,female,,,,,,,,
3815,female,,,,,,,,
3816,female,,,,,,,,
3817,female,,,,,,,,
3818,female,,,,,,,,
3819,female,,,,,,,,
3820,female,,,,,,,,
3821,female,,,,,,,,
3822,female,,,,,,,,
3823,female,,,,,,,,
3824,female,,,,neutral,,,,sg
3825,female,,,,,,,,
3826,female,,,,,,,,
3827,female,,,,,,,,
3828,female,,,,,,,,
3829,female,,,,,,,,
3830,female,,,,,,,,
3831,female,,,,,,,,
3832,female,,,,,,,,
3833,female,,,,,,,,
3834,female,,,,,,,,
3835,female,,,,,,,,
3836,female,,,,neutral,,,,sg
3837,female,,,,,,,,
3838,female,,,,,,,,
3839,female,,,,,,,,
3840,female,,,,,,,,
3841,female,,,,neutral,,,,sg
3842,female,,,,,,,,
3843,female,,,,,,,,
3844,female,,,,neutral,,,,sg
3845,female,,,,neutral,,,,sg
3846,female,,,,,,,,
3847,female,,,,,,,,
3848,female,,,,,,,,
3849,female,,,,,,,,
3850,female,,,,neutral,,,,sg
3851,female,,,,,,,,
3852,female,,,,,,,,
3853,female,,,,,,,,
3854,female,,,,,,,,
3855,female,,,,neutralequal_or_lower,,,,sg
3856,female,,,,,,,,
3857,female,,,,,,,,
3858,female,,,,,,,,
3859,female,,,,,,,,
3860,female,,,,,,,,
3861,female,,,,,,,,
3862,female,,,,,,,,
3863,female,,,,neutral,,,,sg
3864,female,,,,,,,,
3865,female,,,,,,,,
3866,female,,,,,,,,
3867,female,,,,neutral,,,,sg
3868,female,,,,,,,,
3869,female,,,,,,,,
3870,female,,,,,,,,
3871,female,,,,,,,,
3872,female,,,,,,,,
3873,female,,,,,,,,
3874,female,,,,,,,,
3875,female,,,,,,,,
3876,female,,,,,,,,
3877,female,,,,,,,,
3878,female,,,,,,,,
3879,female,,,,,,,,
3880,female,,,,,,,,
3881,female,,,,neutral,,,,sg
3882,female,,,,,,,,
3883,female,,,,,,,,
3884,female,,,,,,,,
3885,female,,,,,,,,
3886,female,,,,,,,,
3887,female,,,,,,,,
3888,female,,,,neutral,,,,sg
3889,female,,,,,,,,
3890,female,,,,,,,,
3891,female,,,,,,,,
3892,female,,,,neutral,,,,sg
3893,female,,,,,,,,
3894,female,,,,,,,,
3895,female,,,,neutral,,,,sg
3896,female,,,,,,,,
3898,female,,,,,,,,
3899,female,,,,,,,,
3900,female,,,,,,,,
3901,female,,,,,,,,
3902,female,,,,,,,,
3903,male,,,,,,,,
3904,female,,,,,,,,
3905,female,,,,,,,,
3906,female,,,,,,,,
3907,female,,,,,,,,
3908,female,,,,,,,,
3909,female,,,,neutral,,,,sg
3911,female,,,,,,,,
3912,female,,,,,,,,
3913,female,,,,,,,,
3914,female,,,,,,,,
3915,female,,,,,,,,
3916,female,,,,,,,,
